-- phpMyAdmin SQL Dump
-- version 5.2.1
-- https://www.phpmyadmin.net/
--
-- Host: 127.0.0.1
-- Generation Time: Nov 25, 2024 at 08:44 PM
-- Server version: 10.4.32-MariaDB
-- PHP Version: 8.2.12

SET SQL_MODE = "NO_AUTO_VALUE_ON_ZERO";
START TRANSACTION;
SET time_zone = "+00:00";


/*!40101 SET @OLD_CHARACTER_SET_CLIENT=@@CHARACTER_SET_CLIENT */;
/*!40101 SET @OLD_CHARACTER_SET_RESULTS=@@CHARACTER_SET_RESULTS */;
/*!40101 SET @OLD_COLLATION_CONNECTION=@@COLLATION_CONNECTION */;
/*!40101 SET NAMES utf8mb4 */;

--
-- Database: `fcomtest`
--

-- --------------------------------------------------------

--
-- Table structure for table `meetings`
--

CREATE TABLE `meetings` (
  `meeting_id` int(11) NOT NULL,
  `meeting_subject` varchar(255) NOT NULL,
  `meeting_description` varchar(500) NOT NULL,
  `meeting_participants` varchar(2000) NOT NULL,
  `meeting_week` int(11) NOT NULL,
  `meeting_day` varchar(50) NOT NULL,
  `meeting_time` time NOT NULL,
  `meeting_date` date NOT NULL,
  `date_created` timestamp NOT NULL DEFAULT current_timestamp() ON UPDATE current_timestamp()
) ENGINE=InnoDB DEFAULT CHARSET=utf8mb4 COLLATE=utf8mb4_general_ci;

--
-- Dumping data for table `meetings`
--

INSERT INTO `meetings` (`meeting_id`, `meeting_subject`, `meeting_description`, `meeting_participants`, `meeting_week`, `meeting_day`, `meeting_time`, `meeting_date`, `date_created`) VALUES
(38, 'Meeting 1', 'Meeting 1', '2,1', 1, 'Friday', '11:00:00', '2024-11-17', '2024-11-15 18:40:57'),
(39, 'Meeting 2', 'Meeting 2', '2,4', 1, 'Tuesday', '17:00:00', '2024-11-20', '2024-11-15 18:42:45'),
(40, 'Meeting 3', 'Meeting 3', '3,5', 1, 'Friday', '16:00:00', '2024-11-26', '2024-11-15 18:43:31'),
(41, 'Meeting 4', 'Meeting 4', '3,6', 1, 'Wednesday', '11:00:00', '2024-11-21', '2024-11-15 18:45:46'),
(42, 'Meeting 5', 'Meeting 5', '3,7', 1, 'Monday', '10:00:00', '2024-11-19', '2024-11-15 18:46:16'),
(43, 'Meeting 6', 'Meeting Week 2 (1)', '3,1', 2, 'Wednesday', '15:00:00', '2024-11-27', '2024-11-15 18:59:35'),
(44, 'Meeting 7', 'Meeting Week 2 (2)', '3,4', 2, 'Monday', '11:00:00', '2024-11-25', '2024-11-15 19:01:33'),
(46, 'Meeting 8', 'Meeting Week 2 (3)', '2,5', 2, 'Thursday', '14:00:00', '2024-11-26', '2024-11-15 19:06:38'),
(47, 'Meeting 9', 'Meeting Week 2 (4)', '2,6', 2, 'Monday', '12:00:00', '2024-11-25', '2024-11-15 19:07:16'),
(48, 'Meeting 10', 'Meeting Week 2 (5)', '7,2', 2, 'Thursday', '12:00:00', '2024-11-28', '2024-11-15 19:08:47'),
(49, 'Test 1', 'Test 1', '2,4', 1, 'Tuesday', '13:00:00', '2024-11-20', '2024-11-19 12:39:52'),
(50, 'test 2', 'testing 2', '1,2', 3, 'Monday', '13:00:00', '2024-11-21', '2024-11-19 15:24:56'),
(51, 'Test 3', 'Testing', '3,6', 2, 'Wednesday', '10:00:00', '2024-11-05', '2024-11-20 01:59:05'),
(52, 'Meeting Test', 'Testing', '7,2', 1, 'Thursday', '11:00:00', '2024-11-21', '2024-11-20 03:04:04'),
(53, 'Test', 'Test', '4,2', 1, 'Thursday', '09:00:00', '2024-11-20', '2024-11-20 04:42:51');

-- --------------------------------------------------------

--
-- Table structure for table `timetable`
--

CREATE TABLE `timetable` (
  `ScheduleID` int(11) NOT NULL,
  `CellNo` int(11) DEFAULT NULL,
  `Day` varchar(50) DEFAULT NULL,
  `Time` int(11) DEFAULT NULL,
  `Week` int(11) DEFAULT NULL,
  `Availability` varchar(50) DEFAULT NULL,
  `User_id` int(11) DEFAULT NULL
) ENGINE=InnoDB DEFAULT CHARSET=utf8mb4 COLLATE=utf8mb4_general_ci;

--
-- Dumping data for table `timetable`
--

INSERT INTO `timetable` (`ScheduleID`, `CellNo`, `Day`, `Time`, `Week`, `Availability`, `User_id`) VALUES
(179, 45, 'Friday', 8, 2, 'free', 2),
(181, 47, 'Friday', 10, 2, 'free', 2),
(182, 46, 'Friday', 9, 3, 'free', 2),
(184, 48, 'Friday', 11, 3, 'free', 2),
(186, 4, 'Monday', 11, 5, 'free', 2),
(187, 5, 'Monday', 12, 6, 'free', 2),
(188, 5, 'Monday', 12, 7, 'free', 2),
(189, 5, 'Monday', 12, 8, 'free', 2),
(190, 5, 'Monday', 12, 9, 'free', 2),
(191, 15, 'Tuesday', 11, 10, 'free', 2),
(192, 17, 'Tuesday', 1, 11, 'free', 2),
(194, 18, 'Tuesday', 2, 13, 'free', 2),
(198, 4, 'Monday', 11, 2, 'free', 1),
(199, 6, 'Monday', 1, 3, 'meeting', 1),
(200, 5, 'Monday', 12, 4, 'free', 1),
(201, 6, 'Monday', 1, 5, 'free', 1),
(202, 6, 'Monday', 1, 6, 'free', 1),
(203, 16, 'Tuesday', 12, 7, 'free', 1),
(204, 6, 'Monday', 1, 8, 'free', 1),
(205, 7, 'Monday', 2, 9, 'free', 1),
(206, 6, 'Monday', 1, 10, 'free', 1),
(207, 5, 'Monday', 12, 11, 'free', 1),
(209, 5, 'Monday', 12, 13, 'free', 1),
(213, 4, 'Monday', 11, 2, 'meeting', 3),
(214, 5, 'Monday', 12, 3, 'free', 3),
(215, 4, 'Monday', 11, 4, 'free', 3),
(216, 16, 'Tuesday', 12, 5, 'free', 3),
(217, 5, 'Monday', 12, 6, 'free', 3),
(218, 5, 'Monday', 12, 7, 'free', 3),
(219, 6, 'Monday', 1, 8, 'free', 3),
(220, 6, 'Monday', 1, 9, 'free', 3),
(221, 7, 'Monday', 2, 10, 'free', 3),
(222, 6, 'Monday', 1, 11, 'free', 3),
(223, 6, 'Monday', 1, 12, 'free', 3),
(224, 5, 'Monday', 12, 13, 'free', 3),
(225, 17, 'Tuesday', 1, 14, 'free', 3),
(228, 5, 'Monday', 12, 3, 'free', 4),
(229, 7, 'Monday', 2, 4, 'free', 4),
(230, 17, 'Tuesday', 1, 5, 'free', 4),
(231, 8, 'Monday', 3, 6, 'free', 4),
(232, 7, 'Monday', 2, 7, 'free', 4),
(233, 6, 'Monday', 1, 8, 'free', 4),
(234, 7, 'Monday', 2, 9, 'free', 4),
(235, 7, 'Monday', 2, 10, 'free', 4),
(236, 7, 'Monday', 2, 11, 'free', 4),
(237, 17, 'Tuesday', 1, 12, 'free', 4),
(238, 15, 'Tuesday', 11, 13, 'free', 4),
(239, 3, 'Monday', 10, 14, 'free', 4),
(242, 5, 'Monday', 12, 2, 'meeting', 2),
(246, 40, 'Thursday', 2, 1, 'classes', 1),
(248, 19, 'Tuesday', 3, 1, 'classes', 2),
(250, 29, 'Wednesday', 2, 1, 'classes', 2),
(251, 15, 'Tuesday', 11, 1, 'free', 2),
(252, 26, 'Wednesday', 11, 1, 'classes', 2),
(257, 7, 'Monday', 2, 1, 'free', 3),
(260, 4, 'Monday', 11, 2, 'meeting', 4),
(262, 3, 'Monday', 10, 1, 'meeting', 3),
(263, 8, 'Monday', 3, 6, 'classes', 3),
(264, 3, 'Monday', 10, 1, 'free', 1),
(267, 4, 'Monday', 11, 1, 'free', 4),
(279, 14, 'Tuesday', 10, 1, 'classes', 2),
(281, 28, 'Wednesday', 1, 1, 'notfree', 2),
(282, 3, 'Monday', 10, 4, 'free', 2),
(285, 6, 'Monday', 1, 1, 'free', 2),
(288, 30, 'Wednesday', 3, 1, 'classes', 2),
(290, 7, 'Monday', 2, 1, 'free', 1),
(291, 9, 'Monday', 4, 1, 'free', 1),
(292, 20, 'Tuesday', 4, 1, 'classes', 2),
(293, 21, 'Tuesday', 5, 1, 'meeting', 2),
(294, 35, 'Thursday', 9, 1, 'classes', 1),
(295, 36, 'Thursday', 10, 1, 'classes', 1),
(296, 41, 'Thursday', 3, 1, 'classes', 1),
(297, 42, 'Thursday', 4, 1, 'classes', 1),
(298, 15, 'Tuesday', 11, 1, 'classes', 1),
(299, 45, 'Friday', 8, 1, 'classes', 1),
(300, 46, 'Friday', 9, 1, 'classes', 1),
(302, 11, 'Monday', 6, 1, 'classes', 1),
(303, 10, 'Monday', 5, 1, 'classes', 1),
(304, 38, 'Thursday', 12, 1, 'free', 1),
(305, 23, 'Wednesday', 8, 1, 'free', 1),
(307, 25, 'Wednesday', 10, 1, 'free', 1),
(308, 24, 'Wednesday', 9, 1, 'notfree', 1),
(309, 27, 'Wednesday', 12, 1, 'free', 1),
(310, 18, 'Tuesday', 2, 1, 'classes', 1),
(311, 17, 'Tuesday', 1, 1, 'classes', 1),
(312, 32, 'Wednesday', 5, 1, 'free', 1),
(314, 29, 'Wednesday', 2, 1, 'free', 1),
(315, 53, 'Friday', 4, 1, 'free', 1),
(317, 55, 'Friday', 6, 1, 'free', 1),
(318, 48, 'Friday', 11, 1, 'meeting', 1),
(319, 50, 'Friday', 1, 1, 'free', 1),
(320, 48, 'Friday', 11, 1, 'meeting', 2),
(321, 35, 'Thursday', 9, 1, 'meeting', 2),
(323, 51, 'Friday', 2, 1, 'free', 2),
(324, 55, 'Friday', 6, 1, 'free', 2),
(325, 42, 'Thursday', 4, 1, 'free', 2),
(326, 36, 'Thursday', 10, 1, 'notfree', 2),
(327, 18, 'Tuesday', 2, 1, 'notfree', 2),
(328, 8, 'Monday', 3, 1, 'free', 2),
(330, 39, 'Thursday', 1, 1, 'free', 2),
(331, 46, 'Friday', 9, 2, 'notfree', 2),
(332, 27, 'Wednesday', 12, 2, 'free', 2),
(333, 27, 'Wednesday', 12, 1, 'notfree', 2),
(334, 16, 'Tuesday', 12, 1, 'notfree', 2),
(335, 14, 'Tuesday', 10, 2, 'classes', 2),
(336, 19, 'Tuesday', 3, 2, 'classes', 2),
(337, 26, 'Wednesday', 11, 2, 'classes', 2),
(338, 20, 'Tuesday', 4, 2, 'classes', 2),
(339, 30, 'Wednesday', 3, 2, 'classes', 2),
(340, 29, 'Wednesday', 2, 2, 'classes', 2),
(341, 47, 'Friday', 10, 3, 'notfree', 2),
(342, 40, 'Thursday', 2, 2, 'meeting', 2),
(343, 37, 'Thursday', 11, 2, 'free', 2),
(344, 11, 'Monday', 6, 2, 'free', 2),
(345, 14, 'Tuesday', 10, 3, 'classes', 2),
(346, 26, 'Wednesday', 11, 3, 'classes', 2),
(347, 19, 'Tuesday', 3, 3, 'classes', 2),
(348, 20, 'Tuesday', 4, 3, 'classes', 2),
(349, 30, 'Wednesday', 3, 3, 'classes', 2),
(350, 29, 'Wednesday', 2, 3, 'classes', 2),
(351, 6, 'Monday', 1, 3, 'meeting', 2),
(352, 9, 'Monday', 4, 3, 'free', 2),
(353, 39, 'Thursday', 1, 3, 'free', 2),
(354, 31, 'Wednesday', 4, 3, 'free', 2),
(355, 16, 'Tuesday', 12, 3, 'free', 2),
(356, 25, 'Wednesday', 10, 3, 'free', 2),
(357, 2, 'Monday', 9, 3, 'free', 2),
(358, 14, 'Tuesday', 10, 4, 'classes', 2),
(359, 26, 'Wednesday', 11, 4, 'classes', 2),
(360, 19, 'Tuesday', 3, 4, 'classes', 2),
(361, 20, 'Tuesday', 4, 4, 'classes', 2),
(362, 30, 'Wednesday', 3, 4, 'classes', 2),
(363, 29, 'Wednesday', 2, 4, 'classes', 2),
(364, 50, 'Friday', 1, 4, 'free', 2),
(365, 7, 'Monday', 2, 4, 'free', 2),
(366, 1, 'Monday', 8, 4, 'free', 2),
(367, 23, 'Wednesday', 8, 4, 'free', 2),
(368, 48, 'Friday', 11, 4, 'free', 2),
(369, 18, 'Tuesday', 2, 4, 'free', 2),
(370, 43, 'Thursday', 5, 4, NULL, 2),
(371, 42, 'Thursday', 4, 4, 'free', 2),
(372, 14, 'Tuesday', 10, 5, 'classes', 2),
(373, 26, 'Wednesday', 11, 5, 'classes', 2),
(374, 19, 'Tuesday', 3, 5, 'classes', 2),
(375, 20, 'Tuesday', 4, 5, 'classes', 2),
(376, 30, 'Wednesday', 3, 5, 'classes', 2),
(377, 29, 'Wednesday', 2, 5, 'classes', 2),
(378, 28, 'Wednesday', 1, 5, 'free', 2),
(379, 16, 'Tuesday', 12, 5, 'free', 2),
(380, 6, 'Monday', 1, 5, 'free', 2),
(381, 9, 'Monday', 4, 5, 'free', 2),
(382, 47, 'Friday', 10, 5, 'free', 2),
(383, 37, 'Thursday', 11, 5, 'free', 2),
(384, 44, 'Thursday', 6, 5, 'free', 2),
(385, 23, 'Wednesday', 8, 5, 'free', 2),
(387, 14, 'Tuesday', 10, 6, 'classes', 2),
(388, 26, 'Wednesday', 11, 6, 'classes', 2),
(389, 19, 'Tuesday', 3, 6, 'classes', 2),
(390, 20, 'Tuesday', 4, 6, 'classes', 2),
(391, 30, 'Wednesday', 3, 6, 'classes', 2),
(392, 29, 'Wednesday', 2, 6, 'classes', 2),
(393, 40, 'Thursday', 2, 6, 'free', 2),
(394, 27, 'Wednesday', 12, 6, 'free', 2),
(395, 16, 'Tuesday', 12, 6, 'free', 2),
(396, 46, 'Friday', 9, 6, 'free', 2),
(397, 14, 'Tuesday', 10, 7, 'classes', 2),
(398, 26, 'Wednesday', 11, 7, 'classes', 2),
(399, 19, 'Tuesday', 3, 7, 'classes', 2),
(400, 20, 'Tuesday', 4, 7, 'classes', 2),
(401, 30, 'Wednesday', 3, 7, 'classes', 2),
(402, 29, 'Wednesday', 2, 7, 'classes', 2),
(403, 7, 'Monday', 2, 7, 'free', 2),
(404, 15, 'Tuesday', 11, 7, 'free', 2),
(405, 27, 'Wednesday', 12, 7, 'free', 2),
(406, 41, 'Thursday', 3, 7, 'free', 2),
(407, 51, 'Friday', 2, 7, 'free', 2),
(408, 49, 'Friday', 12, 7, 'free', 2),
(409, 14, 'Tuesday', 10, 8, 'classes', 2),
(410, 26, 'Wednesday', 11, 8, 'classes', 2),
(411, 19, 'Tuesday', 3, 8, 'classes', 2),
(412, 20, 'Tuesday', 4, 8, 'classes', 2),
(413, 30, 'Wednesday', 3, 8, 'classes', 2),
(414, 29, 'Wednesday', 2, 8, 'classes', 2),
(415, 17, 'Tuesday', 1, 8, 'free', 2),
(416, 39, 'Thursday', 1, 8, 'free', 2),
(417, 37, 'Thursday', 11, 8, 'free', 2),
(418, 25, 'Wednesday', 10, 8, 'free', 2),
(419, 9, 'Monday', 4, 8, 'free', 2),
(420, 52, 'Friday', 3, 8, 'free', 2),
(421, 14, 'Tuesday', 10, 9, 'classes', 2),
(422, 26, 'Wednesday', 11, 9, 'classes', 2),
(423, 19, 'Tuesday', 3, 9, 'classes', 2),
(424, 20, 'Tuesday', 4, 9, 'classes', 2),
(425, 30, 'Wednesday', 3, 9, 'classes', 2),
(426, 29, 'Wednesday', 2, 9, 'classes', 2),
(427, 38, 'Thursday', 12, 9, 'free', 2),
(428, 40, 'Thursday', 2, 9, 'free', 2),
(429, 48, 'Friday', 11, 9, 'free', 2),
(430, 17, 'Tuesday', 1, 9, 'free', 2),
(432, 14, 'Tuesday', 10, 10, 'classes', 2),
(433, 26, 'Wednesday', 11, 10, 'classes', 2),
(434, 19, 'Tuesday', 3, 10, 'classes', 2),
(435, 20, 'Tuesday', 4, 10, 'classes', 2),
(436, 30, 'Wednesday', 3, 10, 'classes', 2),
(437, 29, 'Wednesday', 2, 10, 'classes', 2),
(438, 6, 'Monday', 1, 10, 'free', 2),
(439, 51, 'Friday', 2, 10, 'free', 2),
(440, 37, 'Thursday', 11, 10, 'free', 2),
(441, 14, 'Tuesday', 10, 11, 'classes', 2),
(442, 26, 'Wednesday', 11, 11, 'classes', 2),
(443, 19, 'Tuesday', 3, 11, 'classes', 2),
(444, 20, 'Tuesday', 4, 11, 'classes', 2),
(445, 30, 'Wednesday', 3, 11, 'classes', 2),
(446, 29, 'Wednesday', 2, 11, 'classes', 2),
(447, 5, 'Monday', 12, 11, 'free', 2),
(448, 7, 'Monday', 2, 11, 'free', 2),
(449, 40, 'Thursday', 2, 11, 'free', 2),
(450, 37, 'Thursday', 11, 11, 'free', 2),
(451, 50, 'Friday', 1, 11, 'free', 2),
(452, 46, 'Friday', 9, 11, 'free', 2),
(453, 14, 'Tuesday', 10, 12, 'classes', 2),
(454, 26, 'Wednesday', 11, 12, 'classes', 2),
(455, 19, 'Tuesday', 3, 12, 'classes', 2),
(456, 20, 'Tuesday', 4, 12, 'classes', 2),
(457, 30, 'Wednesday', 3, 12, 'classes', 2),
(458, 29, 'Wednesday', 2, 12, 'classes', 2),
(459, 6, 'Monday', 1, 12, 'free', 2),
(460, 2, 'Monday', 9, 12, 'free', 2),
(461, 41, 'Thursday', 3, 12, 'free', 2),
(462, 48, 'Friday', 11, 12, 'free', 2),
(463, 25, 'Wednesday', 10, 12, 'free', 2),
(464, 14, 'Tuesday', 10, 13, 'classes', 2),
(465, 26, 'Wednesday', 11, 13, 'classes', 2),
(466, 19, 'Tuesday', 3, 13, 'classes', 2),
(467, 20, 'Tuesday', 4, 13, 'classes', 2),
(468, 30, 'Wednesday', 3, 13, 'classes', 2),
(469, 29, 'Wednesday', 2, 13, 'classes', 2),
(470, 10, 'Monday', 5, 13, 'free', 2),
(471, 3, 'Monday', 10, 13, 'free', 2),
(472, 49, 'Friday', 12, 13, 'free', 2),
(473, 43, 'Thursday', 5, 13, 'free', 2),
(474, 33, 'Wednesday', 6, 13, 'free', 2),
(475, 24, 'Wednesday', 9, 13, 'free', 2),
(476, 14, 'Tuesday', 10, 14, 'classes', 2),
(477, 26, 'Wednesday', 11, 14, 'classes', 2),
(478, 19, 'Tuesday', 3, 14, 'classes', 2),
(479, 20, 'Tuesday', 4, 14, 'classes', 2),
(480, 30, 'Wednesday', 3, 14, 'classes', 2),
(481, 29, 'Wednesday', 2, 14, 'classes', 2),
(482, 5, 'Monday', 12, 14, 'free', 2),
(483, 8, 'Monday', 3, 14, 'free', 2),
(484, 3, 'Monday', 10, 14, 'free', 2),
(485, 38, 'Thursday', 12, 14, 'free', 2),
(486, 1, 'Monday', 8, 1, 'free', 2),
(487, 54, 'Friday', 5, 1, 'notfree', 1),
(488, 30, 'Wednesday', 3, 1, 'notfree', 1),
(489, 10, 'Monday', 5, 2, 'classes', 1),
(490, 11, 'Monday', 6, 2, 'classes', 1),
(491, 18, 'Tuesday', 2, 2, 'classes', 1),
(492, 17, 'Tuesday', 1, 2, 'classes', 1),
(493, 15, 'Tuesday', 11, 2, 'classes', 1),
(494, 45, 'Friday', 8, 2, 'classes', 1),
(495, 46, 'Friday', 9, 2, 'classes', 1),
(496, 35, 'Thursday', 9, 2, 'classes', 1),
(497, 36, 'Thursday', 10, 2, 'classes', 1),
(498, 40, 'Thursday', 2, 2, 'classes', 1),
(499, 41, 'Thursday', 3, 2, 'classes', 1),
(500, 42, 'Thursday', 4, 2, 'classes', 1),
(501, 28, 'Wednesday', 1, 2, 'free', 1),
(502, 26, 'Wednesday', 11, 2, 'free', 1),
(503, 30, 'Wednesday', 3, 2, 'meeting', 1),
(504, 24, 'Wednesday', 9, 2, 'free', 1),
(505, 50, 'Friday', 1, 2, 'free', 1),
(506, 52, 'Friday', 3, 2, 'free', 1),
(507, 8, 'Monday', 3, 2, 'free', 1),
(508, 6, 'Monday', 1, 12, 'notfree', 1),
(509, 7, 'Monday', 2, 14, 'notfree', 1),
(510, 27, 'Wednesday', 12, 1, 'classes', 3),
(511, 28, 'Wednesday', 1, 1, 'classes', 3),
(512, 46, 'Friday', 9, 1, 'classes', 3),
(513, 4, 'Monday', 11, 1, 'notfree', 3),
(514, 5, 'Monday', 12, 1, 'notfree', 3),
(515, 30, 'Wednesday', 3, 1, 'free', 3),
(516, 26, 'Wednesday', 11, 1, 'meeting', 3),
(517, 13, 'Tuesday', 9, 1, 'free', 3),
(518, 53, 'Friday', 4, 1, 'meeting', 3),
(519, 37, 'Thursday', 11, 1, 'classes', 3),
(520, 5, 'Monday', 12, 1, 'classes', 4),
(521, 6, 'Monday', 1, 1, 'classes', 4),
(522, 9, 'Monday', 4, 1, 'classes', 4),
(523, 12, 'Tuesday', 8, 1, 'classes', 4),
(524, 13, 'Tuesday', 9, 1, 'classes', 4),
(525, 19, 'Tuesday', 3, 1, 'classes', 4),
(526, 32, 'Wednesday', 5, 1, 'classes', 4),
(527, 38, 'Thursday', 12, 1, 'classes', 4),
(528, 37, 'Thursday', 11, 1, 'classes', 4),
(529, 46, 'Friday', 9, 1, 'classes', 4),
(530, 45, 'Friday', 8, 1, 'classes', 4),
(531, 26, 'Wednesday', 11, 1, 'free', 4),
(532, 39, 'Thursday', 1, 1, 'free', 4),
(533, 17, 'Tuesday', 1, 1, 'meeting', 4),
(534, 24, 'Wednesday', 9, 1, 'free', 4),
(535, 35, 'Thursday', 9, 1, 'meeting', 4),
(536, 52, 'Friday', 3, 1, 'free', 4),
(537, 47, 'Friday', 10, 1, 'free', 4),
(538, 21, 'Tuesday', 5, 1, 'meeting', 4),
(539, 14, 'Tuesday', 10, 1, 'free', 4),
(540, 4, 'Monday', 11, 1, 'notfree', 5),
(541, 5, 'Monday', 12, 1, 'classes', 5),
(542, 6, 'Monday', 1, 1, 'classes', 5),
(543, 11, 'Monday', 6, 1, 'classes', 5),
(544, 28, 'Wednesday', 1, 1, 'classes', 5),
(545, 29, 'Wednesday', 2, 1, 'classes', 5),
(546, 36, 'Thursday', 10, 1, 'classes', 5),
(547, 42, 'Thursday', 4, 1, 'classes', 5),
(548, 43, 'Thursday', 5, 1, 'classes', 5),
(549, 12, 'Tuesday', 8, 1, 'classes', 5),
(550, 3, 'Monday', 10, 1, 'free', 5),
(551, 7, 'Monday', 2, 1, 'free', 5),
(553, 25, 'Wednesday', 10, 1, 'free', 5),
(554, 35, 'Thursday', 9, 1, 'free', 5),
(555, 26, 'Wednesday', 11, 1, 'free', 5),
(556, 15, 'Tuesday', 11, 1, 'free', 5),
(557, 48, 'Friday', 11, 1, 'free', 5),
(558, 46, 'Friday', 9, 1, 'free', 5),
(559, 52, 'Friday', 3, 1, 'free', 5),
(560, 53, 'Friday', 4, 1, 'meeting', 5),
(561, 7, 'Monday', 2, 2, 'notfree', 5),
(562, 7, 'Monday', 2, 3, 'notfree', 5),
(563, 8, 'Monday', 3, 4, 'notfree', 5),
(564, 8, 'Monday', 3, 5, 'notfree', 5),
(565, 19, 'Tuesday', 3, 6, 'notfree', 5),
(566, 19, 'Tuesday', 3, 7, 'notfree', 5),
(567, 8, 'Monday', 3, 8, 'notfree', 5),
(568, 8, 'Monday', 3, 9, 'notfree', 5),
(569, 8, 'Monday', 3, 10, 'notfree', 5),
(570, 8, 'Monday', 3, 11, 'notfree', 5),
(571, 6, 'Monday', 1, 12, 'notfree', 5),
(572, 7, 'Monday', 2, 13, 'notfree', 5),
(573, 7, 'Monday', 2, 14, 'notfree', 5),
(574, 4, 'Monday', 11, 1, 'classes', 6),
(575, 45, 'Friday', 8, 1, 'classes', 6),
(576, 46, 'Friday', 9, 1, 'classes', 6),
(577, 9, 'Monday', 4, 1, 'classes', 6),
(578, 32, 'Wednesday', 5, 1, 'classes', 6),
(579, 33, 'Wednesday', 6, 1, 'classes', 6),
(580, 24, 'Wednesday', 9, 1, 'classes', 6),
(581, 41, 'Thursday', 3, 1, 'classes', 6),
(582, 40, 'Thursday', 2, 1, 'classes', 6),
(583, 15, 'Tuesday', 11, 1, 'classes', 6),
(584, 6, 'Monday', 1, 1, 'free', 6),
(585, 18, 'Tuesday', 2, 1, 'free', 6),
(586, 29, 'Wednesday', 2, 1, 'free', 6),
(587, 39, 'Thursday', 1, 1, 'free', 6),
(588, 47, 'Friday', 10, 1, 'free', 6),
(589, 48, 'Friday', 11, 1, 'free', 6),
(590, 53, 'Friday', 4, 1, 'free', 6),
(591, 26, 'Wednesday', 11, 1, 'meeting', 6),
(592, 14, 'Tuesday', 10, 1, 'free', 6),
(593, 1, 'Monday', 8, 1, 'free', 6),
(594, 22, 'Tuesday', 6, 1, 'free', 6),
(595, 35, 'Thursday', 9, 1, 'free', 6),
(596, 6, 'Monday', 1, 2, 'notfree', 6),
(597, 6, 'Monday', 1, 3, 'notfree', 6),
(598, 6, 'Monday', 1, 4, 'notfree', 6),
(599, 8, 'Monday', 3, 5, 'notfree', 6),
(600, 4, 'Monday', 11, 6, 'notfree', 6),
(601, 17, 'Tuesday', 1, 7, 'notfree', 6),
(602, 19, 'Tuesday', 3, 8, 'notfree', 6),
(603, 14, 'Tuesday', 10, 9, 'notfree', 6),
(604, 27, 'Wednesday', 12, 10, 'notfree', 6),
(605, 29, 'Wednesday', 2, 11, 'notfree', 6),
(606, 31, 'Wednesday', 4, 12, 'notfree', 6),
(607, 29, 'Wednesday', 2, 13, 'notfree', 6),
(608, 9, 'Monday', 4, 14, 'notfree', 6),
(609, 5, 'Monday', 12, 1, 'classes', 7),
(610, 6, 'Monday', 1, 1, 'classes', 7),
(611, 14, 'Tuesday', 10, 1, 'classes', 7),
(612, 36, 'Thursday', 10, 1, 'classes', 7),
(613, 41, 'Thursday', 3, 1, 'classes', 7),
(614, 42, 'Thursday', 4, 1, 'classes', 7),
(615, 18, 'Tuesday', 2, 1, 'classes', 7),
(616, 46, 'Friday', 9, 1, 'classes', 7),
(617, 47, 'Friday', 10, 1, 'classes', 7),
(618, 16, 'Tuesday', 12, 1, 'free', 7),
(619, 3, 'Monday', 10, 1, 'meeting', 7),
(620, 28, 'Wednesday', 1, 1, 'free', 7),
(621, 26, 'Wednesday', 11, 1, 'free', 7),
(622, 30, 'Wednesday', 3, 1, 'free', 7),
(623, 19, 'Tuesday', 3, 1, 'free', 7),
(624, 37, 'Thursday', 11, 1, 'meeting', 7),
(625, 38, 'Thursday', 12, 1, 'free', 7),
(626, 52, 'Friday', 3, 1, 'free', 7),
(627, 53, 'Friday', 4, 1, 'free', 7),
(628, 12, 'Tuesday', 8, 1, 'free', 7),
(629, 10, 'Monday', 5, 1, 'free', 7),
(630, 11, 'Monday', 6, 1, 'free', 7),
(631, 7, 'Monday', 2, 2, 'notfree', 7),
(632, 8, 'Monday', 3, 3, 'notfree', 7),
(633, 4, 'Monday', 11, 4, 'notfree', 7),
(634, 9, 'Monday', 4, 5, 'notfree', 7),
(635, 2, 'Monday', 9, 6, 'notfree', 7),
(636, 4, 'Monday', 11, 7, 'notfree', 7),
(637, 18, 'Tuesday', 2, 8, 'notfree', 7),
(638, 6, 'Monday', 1, 9, 'notfree', 7),
(639, 18, 'Tuesday', 2, 10, 'notfree', 7),
(640, 15, 'Tuesday', 11, 11, 'notfree', 7),
(641, 3, 'Monday', 10, 12, 'notfree', 7),
(642, 10, 'Monday', 5, 13, 'notfree', 7),
(643, 40, 'Thursday', 2, 14, 'notfree', 7),
(644, 17, 'Tuesday', 1, 2, 'free', 3),
(645, 27, 'Wednesday', 12, 2, 'classes', 3),
(646, 28, 'Wednesday', 1, 2, 'classes', 3),
(647, 37, 'Thursday', 11, 2, 'classes', 3),
(648, 46, 'Friday', 9, 2, 'classes', 3),
(649, 30, 'Wednesday', 3, 2, 'meeting', 3),
(650, 25, 'Wednesday', 10, 2, 'meeting', 3),
(651, 50, 'Friday', 1, 2, 'free', 3),
(652, 19, 'Tuesday', 3, 2, 'free', 3),
(653, 21, 'Tuesday', 5, 2, 'free', 3),
(654, 53, 'Friday', 4, 2, 'free', 3),
(655, 5, 'Monday', 12, 2, 'classes', 4),
(656, 6, 'Monday', 1, 2, 'classes', 4),
(657, 19, 'Tuesday', 3, 2, 'classes', 4),
(658, 9, 'Monday', 4, 2, 'classes', 4),
(659, 32, 'Wednesday', 5, 2, 'classes', 4),
(660, 12, 'Tuesday', 8, 2, 'classes', 4),
(661, 13, 'Tuesday', 9, 2, 'classes', 4),
(662, 37, 'Thursday', 11, 2, 'classes', 4),
(663, 38, 'Thursday', 12, 2, 'classes', 4),
(664, 45, 'Friday', 8, 2, 'classes', 4),
(665, 46, 'Friday', 9, 2, 'classes', 4),
(666, 27, 'Wednesday', 12, 2, 'free', 4),
(667, 41, 'Thursday', 3, 2, 'free', 4),
(668, 48, 'Friday', 11, 2, 'free', 4),
(669, 25, 'Wednesday', 10, 2, 'free', 4),
(670, 16, 'Tuesday', 12, 2, 'free', 4),
(671, 29, 'Wednesday', 2, 2, 'free', 4),
(672, 52, 'Friday', 3, 2, 'free', 4),
(673, 31, 'Wednesday', 4, 2, 'free', 4),
(674, 4, 'Monday', 11, 2, 'classes', 6),
(675, 15, 'Tuesday', 11, 2, 'classes', 6),
(676, 9, 'Monday', 4, 2, 'classes', 6),
(677, 24, 'Wednesday', 9, 2, 'classes', 6),
(678, 40, 'Thursday', 2, 2, 'classes', 6),
(679, 41, 'Thursday', 3, 2, 'classes', 6),
(680, 32, 'Wednesday', 5, 2, 'classes', 6),
(681, 33, 'Wednesday', 6, 2, 'classes', 6),
(682, 45, 'Friday', 8, 2, 'classes', 6),
(683, 46, 'Friday', 9, 2, 'classes', 6),
(684, 28, 'Wednesday', 1, 2, 'free', 6),
(685, 18, 'Tuesday', 2, 2, 'free', 6),
(686, 5, 'Monday', 12, 2, 'meeting', 6),
(687, 38, 'Thursday', 12, 2, 'free', 6),
(688, 26, 'Wednesday', 11, 2, 'free', 6),
(689, 25, 'Wednesday', 10, 2, 'meeting', 6),
(690, 14, 'Tuesday', 10, 2, 'free', 6),
(691, 48, 'Friday', 11, 2, 'free', 6),
(692, 51, 'Friday', 2, 2, 'free', 6),
(693, 42, 'Thursday', 4, 2, 'free', 6),
(694, 5, 'Monday', 12, 2, 'classes', 5),
(695, 6, 'Monday', 1, 2, 'classes', 5),
(696, 11, 'Monday', 6, 2, 'classes', 5),
(697, 12, 'Tuesday', 8, 2, 'classes', 5),
(698, 28, 'Wednesday', 1, 2, 'classes', 5),
(699, 29, 'Wednesday', 2, 2, 'classes', 5),
(700, 36, 'Thursday', 10, 2, 'classes', 5),
(701, 42, 'Thursday', 4, 2, 'classes', 5),
(702, 43, 'Thursday', 5, 2, 'classes', 5),
(703, 19, 'Tuesday', 3, 2, 'free', 5),
(705, 16, 'Tuesday', 12, 2, 'free', 5),
(706, 9, 'Monday', 4, 2, 'free', 5),
(707, 4, 'Monday', 11, 2, 'free', 5),
(708, 26, 'Wednesday', 11, 2, 'free', 5),
(709, 38, 'Thursday', 12, 2, 'free', 5),
(710, 31, 'Wednesday', 4, 2, 'free', 5),
(711, 40, 'Thursday', 2, 2, 'meeting', 5),
(712, 35, 'Thursday', 9, 2, 'free', 5),
(713, 45, 'Friday', 8, 2, 'free', 5),
(714, 46, 'Friday', 9, 2, 'free', 5),
(715, 53, 'Friday', 4, 2, 'free', 5),
(716, 14, 'Tuesday', 10, 2, 'free', 5),
(717, 5, 'Monday', 12, 2, 'classes', 7),
(718, 6, 'Monday', 1, 2, 'classes', 7),
(719, 14, 'Tuesday', 10, 2, 'classes', 7),
(720, 18, 'Tuesday', 2, 2, 'classes', 7),
(721, 36, 'Thursday', 10, 2, 'classes', 7),
(722, 46, 'Friday', 9, 2, 'classes', 7),
(723, 47, 'Friday', 10, 2, 'classes', 7),
(724, 41, 'Thursday', 3, 2, 'classes', 7),
(725, 42, 'Thursday', 4, 2, 'classes', 7),
(726, 38, 'Thursday', 12, 2, 'meeting', 7),
(727, 15, 'Tuesday', 11, 2, 'free', 7),
(728, 17, 'Tuesday', 1, 2, 'free', 7),
(729, 28, 'Wednesday', 1, 2, 'free', 7),
(730, 29, 'Wednesday', 2, 2, 'free', 7),
(731, 8, 'Monday', 3, 2, 'free', 7),
(732, 20, 'Tuesday', 4, 2, 'free', 7),
(733, 4, 'Monday', 11, 2, 'free', 7),
(734, 25, 'Wednesday', 10, 2, 'free', 7),
(735, 51, 'Friday', 2, 2, 'free', 7),
(736, 53, 'Friday', 4, 2, 'free', 7),
(737, 48, 'Friday', 11, 2, 'free', 7),
(738, 17, 'Tuesday', 1, 1, 'meeting', 2),
(739, 37, 'Thursday', 11, 1, 'meeting', 2),
(740, 38, 'Thursday', 12, 2, 'meeting', 2),
(741, 5, 'Monday', 12, 1, 'free', 2),
(742, 5, 'Monday', 12, 3, 'free', 5),
(743, 17, 'Tuesday', 1, 3, 'classes', 5),
(744, 27, 'Wednesday', 12, 3, 'classes', 5),
(745, 14, 'Tuesday', 10, 3, 'free', 5),
(746, 36, 'Thursday', 10, 3, 'classes', 5),
(747, 19, 'Tuesday', 3, 1, 'free', 5),
(748, 20, 'Tuesday', 4, 1, 'classes', 5),
(749, 1, 'Monday', 8, 1, 'free', 5),
(750, 13, 'Tuesday', 9, 1, 'free', 5),
(751, 14, 'Tuesday', 10, 1, 'classes', 5),
(752, 13, 'Tuesday', 9, 1, 'free', 2),
(753, 4, 'Monday', 11, 1, NULL, 2),
(754, 38, 'Thursday', 12, 1, 'free', 5);

-- --------------------------------------------------------

--
-- Table structure for table `userinfo`
--

CREATE TABLE `userinfo` (
  `user_id` int(11) NOT NULL,
  `user_name` varchar(255) NOT NULL,
  `user_email` varchar(255) NOT NULL,
  `user_password` varchar(255) NOT NULL,
  `user_type` varchar(10) NOT NULL
) ENGINE=InnoDB DEFAULT CHARSET=utf8mb4 COLLATE=utf8mb4_general_ci;

--
-- Dumping data for table `userinfo`
--

INSERT INTO `userinfo` (`user_id`, `user_name`, `user_email`, `user_password`, `user_type`) VALUES
(1, 'FARAH FARZANA BINTI ABDUL AZIZ', 'farah_aziz@uptm.edu.my', 'uptm123', 'lecturer'),
(2, 'DR. MARIANI BINTI MOHD DAHLAN', 'mariani@uptm.edu.my', 'uptm123', 'dean'),
(3, 'DR. SAIFUDDIN BIN HJ MOHTARAM', 'saifuddin@uptm.edu.my', 'uptm123', 'dean'),
(4, 'MOHD AKMAL BIN MOHD AZMER', 'mohd_akmal@uptm.edu.my', 'uptm123', 'lecturer'),
(5, 'NORFAZLINA BINTI JOHAR', 'norfazlina@uptm.edu.my', 'uptm123', 'lecturer'),
(6, 'MUHAMMAD BIN AMRAN', 'muhammad@uptm.edu.my', 'uptm123', 'lecturer'),
(7, 'RUKHIYAH BINTI ADNAN', 'rukhiyah@uptm.edu.my', 'uptm123', 'lecturer');

--
-- Indexes for dumped tables
--

--
-- Indexes for table `meetings`
--
ALTER TABLE `meetings`
  ADD PRIMARY KEY (`meeting_id`);

--
-- Indexes for table `timetable`
--
ALTER TABLE `timetable`
  ADD PRIMARY KEY (`ScheduleID`),
  ADD KEY `User_id` (`User_id`);

--
-- Indexes for table `userinfo`
--
ALTER TABLE `userinfo`
  ADD PRIMARY KEY (`user_id`);

--
-- AUTO_INCREMENT for dumped tables
--

--
-- AUTO_INCREMENT for table `meetings`
--
ALTER TABLE `meetings`
  MODIFY `meeting_id` int(11) NOT NULL AUTO_INCREMENT, AUTO_INCREMENT=54;

--
-- AUTO_INCREMENT for table `timetable`
--
ALTER TABLE `timetable`
  MODIFY `ScheduleID` int(11) NOT NULL AUTO_INCREMENT, AUTO_INCREMENT=755;

--
-- AUTO_INCREMENT for table `userinfo`
--
ALTER TABLE `userinfo`
  MODIFY `user_id` int(11) NOT NULL AUTO_INCREMENT, AUTO_INCREMENT=8;

--
-- Constraints for dumped tables
--

--
-- Constraints for table `timetable`
--
ALTER TABLE `timetable`
  ADD CONSTRAINT `timetable_ibfk_1` FOREIGN KEY (`User_id`) REFERENCES `userinfo` (`user_id`) ON DELETE CASCADE;
COMMIT;

/*!40101 SET CHARACTER_SET_CLIENT=@OLD_CHARACTER_SET_CLIENT */;
/*!40101 SET CHARACTER_SET_RESULTS=@OLD_CHARACTER_SET_RESULTS */;
/*!40101 SET COLLATION_CONNECTION=@OLD_COLLATION_CONNECTION */;
